datetime,headline,source,summary,url
2023-08-01 23:20:27,Baird Maintains Apple (AAPL) Outperform Recommendation,Fintel,,https://finnhub.io/api/news?id=afb358c16396de8f2eee7ea2e03dc0656f558901cc211dc52360890215e01877
2023-08-01 23:20:21,TD Cowen Maintains Apple (AAPL) Outperform Recommendation,Fintel,,https://finnhub.io/api/news?id=ed52737ee3b13afe8e4f8f10473fbd4130e84efde71038bf4f0abfd1aeb8884d
2023-08-01 21:37:11,15 Most Popular Music Streaming Services,Yahoo,"In this article, we’ll discuss the 15 Most popular music streaming services. If you want to skip our detailed analysis of the music industry and recent trends, then go directly to the 5 Most Popular Music Streaming Services. In recent years, the music industry has undergone significant changes, and music streaming services have emerged as […]",https://finnhub.io/api/news?id=87cff1ece03200a506403185ff6f96dd8df496c46c829c4f0fc8364a46f90b40
2023-08-01 19:53:36,Apple heads for largest Q3 revenue drop since 2016 as iPhone sales slow,Yahoo,"Apple is likely to report a dip in iPhone sales in the April-June quarter as shoppers held out for a new model in a slow economy, making it important for the company to detail how it is using artificial intelligence to augment growth, analysts said.  IPhone sales likely fell more than 2% in the period, according to 24 analysts polled by Visible Alpha, compared with a near 3% increase a year earlier and a 1.5% rise in the quarter ended March.  The quarterly report could mark a break from an upbeat earnings season for the likes of Meta Platforms, Alphabet and Microsoft that have shown resilience in their cloud businesses and an uptick in digital ad sales.",https://finnhub.io/api/news?id=a026d49f2a2deb9305b76701662bf20ce8128a28a876ba94eaee81878d7c00f9
2023-08-01 19:28:00,"Apple Earnings Are Soon, and Analysts See the Stock Going Higher and Higher",Yahoo,"For the fiscal third quarter, analysts expect Apple to report sales of $81.9 billion, down about 1% from the year-earlier quarter.",https://finnhub.io/api/news?id=e1e278d47e27d298ca40578e1cff9eb183529d373181adf93ac455921eabb608
2023-08-01 18:32:00,Amazon & Apple Earnings: What to Expect,Yahoo,"So far, the Q2 cycle has been positive, helping reassure investors and boosting overall sentiment. Now, it's time for heavyweights Apple and Amazon to report. What can investors expect?",https://finnhub.io/api/news?id=04bb0c9de5cafb50aad0f4c5d2f18bc102f2d7431a72710234a94c341d2d2f6c
2023-08-01 18:13:59,Meta Platforms: We're Only At Halftime,SeekingAlpha,"Consistent with our expectations, Metaâs 2Q23 results confirmed it is on track for revenue acceleration and improving margins. Learn more about META stock here.",https://finnhub.io/api/news?id=346f4ba3b829bfbe35ce6434545e62eb3be2f7920a84d50e41298873b07e39e4
2023-08-01 17:30:00,Top 25 S&P 500 Stocks by Index Weight for August 2023,Yahoo,"The Standard & Poor's 500 Index, or simply the S&P 500, is a market-capitalization-weighted index of roughly 500 large-cap U.S. stocks. The index accounts for 80% of the market value of the U.S. equities market.",https://finnhub.io/api/news?id=22e8a7fe09ef2eb0d39daeac995c9c2ea8437891a5d3091fe5a873a3de6ff398
2023-08-01 16:00:00,Apple (AAPL) to Report Q3 Earnings: What's in the Offing?,Yahoo,"Apple's (AAPL) third-quarter fiscal 2023 results are likely to have benefited from an expanding installed base of devices, despite macroeconomic headwinds and unfavorable forex.",https://finnhub.io/api/news?id=c68caefb89e6ce2de980cac7c2c35a141e28508783918f2bd45d48a9e532f171
2023-08-01 15:51:00,Apple Could Return to Growth Later This Year,Yahoo,"Scheduled to report fiscal third-quarter results on Thursday, investors will be watching to see if Apple (NASDAQ: AAPL) inches closer to a return to revenue growth.  More importantly, investors will likely look to Apple's quarterly results to see if any trends or commentary from management point to a possible return to top-line growth later this year.  Returning to growth during such a tough macroeconomic environment would make a great case for the resilience of Apple's business.",https://finnhub.io/api/news?id=a234eb866e99786063193dbdaa21680b827aeefbd916e2f1fb5020e5b8765fa9
2023-08-01 15:50:52,Here's How Apple Could Win Big From AI,Yahoo,"The tech giant reportedly developed an AI model, and that could be good news for investors in the long run.",https://finnhub.io/api/news?id=f9417f4c9d474f08637e5b31bb55a4a02126ba14a6581cfee98f9734b529ba84
2023-08-01 15:50:17,Nasdaq Rebalance: What You Need To Know,SeekingAlpha,"The NASDAQ recorded its strongest six-month performance in history, driven by top tech stocks such as Apple, Microsoft, and Amazon. Click here to read more.",https://finnhub.io/api/news?id=d233316a69cc0615403df9beaf0c6aa65c5b6e30b76d3758a4d3ec0c69a43a3e
2023-08-01 15:04:58,"Buy Apple on pullback, but sell Amazon on earnings strength, says Bell Curve's Bill Strazzullo",CNBC,"Bill Strazzullo, Bell Curve Trading chief market strategist, joins 'Power Lunch' to discuss what he's seeing in the charts of big tech companies.",https://finnhub.io/api/news?id=a1b98e6a677082ed3991626720772d9ec83802f33826642d97627736fda838f9
2023-08-01 13:30:00,VIG: Sell Your VTI And Buy This Instead,SeekingAlpha,The Vanguard Dividend Appreciation ETF offers a higher yield and a different portfolio composition. Read more to see my take on VIG as an alternative.,https://finnhub.io/api/news?id=11d434b5310bc5cbe82e4c412ae50ce7481d4de2151a5d4b78134b0c0bd02cb0
2023-08-01 12:44:00,The First Peak Week Of Earnings Season Brings Some Good News,Seeking Alpha,Looking for stock market analysis and research with proves results? Zacks.com offers in-depth financial research with over 30years of proven results.,https://finnhub.io/api/news?id=347b4a74239aae3ac72f461f4d2c1cfa3e59521946a6844437640b5e9a52103e
2023-08-01 12:39:00,This aggressive stock fund has had a wild ride — but it has beaten rivals and the S&P 500,MarketWatch,Looking for stock market analysis and research with proves results? Zacks.com offers in-depth financial research with over 30years of proven results.,https://finnhub.io/api/news?id=72c8da472ecf1998569c9a106ef32978b7ffd92f1a18ad6b1505be2164935576
2023-08-01 12:39:00,10 Information Technology Stocks With Whale Alerts In Today's Session,Benzinga,Looking for stock market analysis and research with proves results? Zacks.com offers in-depth financial research with over 30years of proven results.,https://finnhub.io/api/news?id=fb5b760cfa906b36af29c6ba6c6203d0fe3294b8c13c938aeb585bdd079067ce
2023-08-01 12:39:00,"Mixed Brew: Pfizer, Merck Earnings Head Opposite Ways, But Uber And Caterpillar Slug Line Drives",Benzinga,Looking for stock market analysis and research with proves results? Zacks.com offers in-depth financial research with over 30years of proven results.,https://finnhub.io/api/news?id=15569534bd112f4a42e93ecfaa303c033f6aadebca1045fb777970cc27ddd3c2
2023-08-01 12:21:00,DGRO: Consistent Dividend Growth For Patient Investors,Seeking Alpha,Looking for stock market analysis and research with proves results? Zacks.com offers in-depth financial research with over 30years of proven results.,https://finnhub.io/api/news?id=d4137e7b0e3af75da1092440447f6e0fd4e4d2bfed69968456ce25cc5be23443
2023-08-01 12:11:00,"Berkshire Hathaway investors eye Apple, Chevron stakes as Buffett prepares latest results",DowJones,Berkshire Hathaway’s earnings are coming. Here's what to watch for,https://finnhub.io/api/news?id=ced28d5aa534e18a98959f4b276573b9ba466af74ea96e3fa5b36de5f4c8da23
2023-08-01 12:10:00,Apple App Store - Top Apps,"Associated Press, The",Looking for stock market analysis and research with proves results? Zacks.com offers in-depth financial research with over 30years of proven results.,https://finnhub.io/api/news?id=779701a95ee3bb41a2f2b1377633537db28db8e5aa3aed707f467bddf351fb96
2023-08-01 12:05:00,3 Stocks That Are Fantastic Deals Right Now,Yahoo,"The Nasdaq has risen nearly 40% since the beginning of the year as investors warmed up to higher-growth tech stocks again. However, many investors might be reluctant to chase that rally as interest rates stay elevated.",https://finnhub.io/api/news?id=95c15fba542b0fac3e4be04110fd7162eaaf615afc067bc0a24a1e17b9212beb
2023-08-01 12:00:00,Apple (NASDAQ:AAPL) Slips After It Pulls Apps from Chinese App Store,TipRanks,Looking for stock market analysis and research with proves results? Zacks.com offers in-depth financial research with over 30years of proven results.,https://finnhub.io/api/news?id=99c5d478955b8e23cd00f2f70140eaf46834139f2982db6b9d0fb43c78a95088
2023-08-01 11:49:00,"U.S. stocks start August lower while Apple, Amazon earnings and jobs data loom end of week",MarketWatch,Looking for stock market analysis and research with proves results? Zacks.com offers in-depth financial research with over 30years of proven results.,https://finnhub.io/api/news?id=28043c82b342c4202af4efbb051ab1d3046a7c19e10d5e38a8cce10e85d358ef
2023-08-01 11:48:00,What You Missed On Wall Street This Morning,Thefly.com,Looking for stock market analysis and research with proves results? Zacks.com offers in-depth financial research with over 30years of proven results.,https://finnhub.io/api/news?id=6b1b2a6476db0d15b7ff54336aea87f727f531b4ba709e6010fa325c65f3741b
2023-08-01 11:45:00,Apple Stock: Headed to $220?,Yahoo,One analyst thinks China and India sales could be a bright spot in Apple's fiscal third-quarter earnings report this week.,https://finnhub.io/api/news?id=303dbbc32fd65179fc279c721c28976e6a7713b42136f66d581e2403f4a3c521
2023-08-01 11:43:56,"Apple expected to post third consecutive down quarter, but its forecast is more important",CNBC,Apple is expected to post its third consecutive quarterly revenue decline when it reports earnings after the bell on Thursday.,https://finnhub.io/api/news?id=e45041ce6bf57863343c88c067b5222a62d295364ccf86d14dac4c82ea0956bc
2023-08-01 11:14:00,AAPL Earnings Preview: Here’s What to Expect from the iPhone Maker in Fiscal Q3,TipRanks,Looking for stock market analysis and research with proves results? Zacks.com offers in-depth financial research with over 30years of proven results.,https://finnhub.io/api/news?id=ecb660159dacef282a5e6dca11c2e381d2b732885e244b874839ff950ceae2e5
2023-08-01 10:34:00,3 Stocks That Need to Follow Elon Musk’s Rebranding Moves,InvestorPlace,Looking for stock market analysis and research with proves results? Zacks.com offers in-depth financial research with over 30years of proven results.,https://finnhub.io/api/news?id=7897179c59dcab087116622b532b2a6bcc977808c0d49c4621eca1e956baf810
2023-08-01 10:17:52,"Apple, Microsoft remain world's top 2 companies by market cap",Yahoo,"Apple last month became the first company in the world to reach a market value of $3 trillion, buoyed by hopes over its expansion in new markets and expectations for more moderate U.S. interest rate hikes.",https://finnhub.io/api/news?id=9953b104730d93268d5b92d22d2f6650d9a5b1369f2aa5f52c5d6aa92d5943ae
2023-08-01 09:42:00,2 Adtech Stocks to Play the Death of the Cookie,GuruFocus,Looking for stock market analysis and research with proves results? Zacks.com offers in-depth financial research with over 30years of proven results.,https://finnhub.io/api/news?id=6c6eda41f13feff1ca94e2b47bd277538fdb5e5628df248f62305da9a33fa7f6
2023-08-01 09:40:00,Apple said to remove ChatGPT-like apps from Chinese App Store,Seeking Alpha,Looking for stock market analysis and research with proves results? Zacks.com offers in-depth financial research with over 30years of proven results.,https://finnhub.io/api/news?id=c44ef094e5e0a1d34552f50ee85821bb5a73318075d7c1f223ab342eb6f55681
2023-08-01 09:17:00,3 Growth Stocks to Buy Before the Big Bull Rally,Yahoo,The improving economy sets the stage for bullishness. These companies -- and their stocks -- will benefit more than most.,https://finnhub.io/api/news?id=f046137c36f7e18a690412dabfdab626f74dd36e68fd7add70e88cc048fcfaed
2023-08-01 09:04:13,"Apple : Pixar, Adobe, Apple, Autodesk, and NVIDIA form Alliance for OpenUSD",Finnhub,"PRESS RELEASEAugust 1, 2023
      
      
        
          Pixar, Adobe, Apple, Autodesk, and NVIDIA form Alliance for OpenUSD to drive open standards for 3D content
        
      
...",https://finnhub.io/api/news?id=671e49294e9853dfaca3d4f82afc4a27989f065d00c3d792b6f24f04149b4b2a
2023-08-01 09:00:00,"Market Clubhouse Morning Memo - August 1st, 2023 (Trade Strategy For SPY, QQQ, AAPL, MSFT, And AMZN)",Benzinga,Looking for stock market analysis and research with proves results? Zacks.com offers in-depth financial research with over 30years of proven results.,https://finnhub.io/api/news?id=55b0221e2509ad7e6a64de54d020300c9f439f8aaee99feb59da48003ae3185f
2023-08-01 08:50:00,Apple Watch Series 9 To Introduce A Bold New Color — But Not All Fans Are Impressed,Benzinga,Looking for stock market analysis and research with proves results? Zacks.com offers in-depth financial research with over 30years of proven results.,https://finnhub.io/api/news?id=354a31680fd437fc2faf69e7f7d495192f530e73187795f9d86d1f2c556bf55c
2023-08-01 08:23:00,Apple is about to lead Wall Street on its annual scavenger hunt,MarketWatch,Looking for stock market analysis and research with proves results? Zacks.com offers in-depth financial research with over 30years of proven results.,https://finnhub.io/api/news?id=ce3249403245f5a2a5fcf9228d8905f0de736323fdbbcf09dfdf456efaafafee
2023-08-01 08:04:00,"Tuesday’s Top Analyst Upgrades and Downgrades: Adobe, Airbnb, Apple, Carvana, Chevron, Expedia, GE Healthcare, Salesforce, Valero Energy, Wayfair and More",247WallSt,Looking for stock market analysis and research with proves results? Zacks.com offers in-depth financial research with over 30years of proven results.,https://finnhub.io/api/news?id=3c264b0c6fafb9ddb38d5a0bdf9f4e35a48bd212e3f0c1c0f95da2ab62cf7c91
2023-08-01 07:23:00,Apple Supplier Foxconn Raises Investment Plans for New Component Plants in India's Karnataka,Benzinga,Looking for stock market analysis and research with proves results? Zacks.com offers in-depth financial research with over 30years of proven results.,https://finnhub.io/api/news?id=1abd6552c9aef060959d19df8c9f1156f7c2728f8de5a6c5ae337e5b9eb13fac
2023-08-01 06:51:00,Wall Street Breakfast: Rally On,Seeking Alpha,Looking for stock market analysis and research with proves results? Zacks.com offers in-depth financial research with over 30years of proven results.,https://finnhub.io/api/news?id=759ab3be369e3d6cd6c453370342b1a35a45d406b88f294630e71702ecccd938
2023-08-01 06:30:00,Apple price target raised to $220 from $195 at TD Cowen,Thefly.com,Looking for stock market analysis and research with proves results? Zacks.com offers in-depth financial research with over 30years of proven results.,https://finnhub.io/api/news?id=0ed9ddc1fbf496b870b3646f459eab3d84fd9dc1166bd263807a6b6373cdcfdb
2023-08-01 06:17:00,"Manufacturing stalled in the first half. But now the stage is set for a recovery, says JPMorgan.",MarketWatch,Looking for stock market analysis and research with proves results? Zacks.com offers in-depth financial research with over 30years of proven results.,https://finnhub.io/api/news?id=acb84804093ff744e71b30d777dc1b7a1b61868aaeaa0f4d83689e3e0c52bf2d
2023-08-01 06:09:00,U.S. and Europe are finding that breaking up with China is hard to do,MarketWatch,Looking for stock market analysis and research with proves results? Zacks.com offers in-depth financial research with over 30years of proven results.,https://finnhub.io/api/news?id=dc053ec313e43646a46d456f5c7c892b54e219b9457c608ac478713007fa4a43
2023-08-01 05:54:00,Manufacturing stalled in the first half. Why JPMorgan says the stage is set for a recovery.,MarketWatch,Looking for stock market analysis and research with proves results? Zacks.com offers in-depth financial research with over 30years of proven results.,https://finnhub.io/api/news?id=f8e19dc9a5473411c845498106197a122eba56e7526f6b7b24dd28b494ceabab
2023-08-01 05:48:00,Apple price target raised to $204 from $180 at Baird,Thefly.com,Looking for stock market analysis and research with proves results? Zacks.com offers in-depth financial research with over 30years of proven results.,https://finnhub.io/api/news?id=3ff0010d7fa65f71048bec50358ee3bbd051984c75af16beebdca61fc94e266d
2023-08-01 05:25:00,"Pac-12 commissioner presents Apple streaming deal to leadership, ESPN says",Thefly.com,Looking for stock market analysis and research with proves results? Zacks.com offers in-depth financial research with over 30years of proven results.,https://finnhub.io/api/news?id=60702294b1e3d4c3022ce709bc41ca3a0cd03bbc88f33dbea1dfa0190e626504
2023-08-01 05:04:00,7 Growth Stocks That Are Still Great Buys Even as Interest Rates Peak,InvestorPlace,Looking for stock market analysis and research with proves results? Zacks.com offers in-depth financial research with over 30years of proven results.,https://finnhub.io/api/news?id=af1f9d1cc6957926cd472abf92439483379acaa46064cdb7e158790d17a3bf4f
2023-08-01 05:04:00,3 ‘Strong Buy’ Cryptos You Should Be Loading Up On Now,InvestorPlace,Looking for stock market analysis and research with proves results? Zacks.com offers in-depth financial research with over 30years of proven results.,https://finnhub.io/api/news?id=253422669e82529db92f65bd7fcf44f19707fcc6cb035c5158aeb2330f66e4dc
2023-08-01 05:03:00,Nasdaq 100 Forecast: Where Next For Apple Stock Ahead Of Q3 Earnings?,TalkMarkets,Looking for stock market analysis and research with proves results? Zacks.com offers in-depth financial research with over 30years of proven results.,https://finnhub.io/api/news?id=bbe0462797b3332b33f6fb4c133f16ca6b0e60eab9c8f66ee71f507d3892afae
2023-08-01 05:02:00,"The Good, The Flat, And The Volatile: Sorting Through The Sideways Market",TalkMarkets,Looking for stock market analysis and research with proves results? Zacks.com offers in-depth financial research with over 30years of proven results.,https://finnhub.io/api/news?id=461e01205f6c8effbb09cd122017750ca16af9ee4a152395fbf6270b1ab9e8c3
2023-08-01 04:36:00,Market Volatility Rises Ahead Of Big Earnings; S&P 500 Settles Higher,Benzinga,Looking for stock market analysis and research with proves results? Zacks.com offers in-depth financial research with over 30years of proven results.,https://finnhub.io/api/news?id=7131efca33a8190c47db20154dfd2391e1c7b94c25be7889b17ae3fa8ceec1e7
2023-08-01 04:35:00,Alphabet’s Google reorganizes Assistant unit,MarketWatch,Looking for stock market analysis and research with proves results? Zacks.com offers in-depth financial research with over 30years of proven results.,https://finnhub.io/api/news?id=591af86951863c35bf4fc1c5839dd861d6b54faf942236b71a37ba676cd04f53
2023-08-01 04:28:00,Apple Inc. stock outperforms market despite losses on the day,MarketWatch,Looking for stock market analysis and research with proves results? Zacks.com offers in-depth financial research with over 30years of proven results.,https://finnhub.io/api/news?id=de3c7d18bcfc160a985288bb53547bd47f14c696f3b0582487a64a2843701553
2023-08-01 04:28:00,"Amazon.com Inc. stock falls Tuesday, underperforms market",MarketWatch,Looking for stock market analysis and research with proves results? Zacks.com offers in-depth financial research with over 30years of proven results.,https://finnhub.io/api/news?id=1c0f0158e1fb12bd91372c2526f427e7fde910748a0e0d453a0319eb91aedf3a
2023-08-01 04:20:00,"If You Bet $100 On Lionel Messi To Score In His First 2 MLS Games, Here's How Much You Made",Benzinga,Looking for stock market analysis and research with proves results? Zacks.com offers in-depth financial research with over 30years of proven results.,https://finnhub.io/api/news?id=2b474f058347dfb9ce33cdb30ccb94e9c2c15903c785de1d78afbf9b4411dbc4
2023-08-01 03:48:56,"I am 'not so convinced' that Apple can create their own 5G modem, says analyst",CNBC,Kevin Cassidy of Rosenblatt Securities explains why he thinks it will be difficult for Apple to move away from using Qualcomm modem chips.,https://finnhub.io/api/news?id=6c8dd0dcf93bf98c087d46f714e3cc8713504e07a1c87f8ab7de989a766171ca
2023-08-01 03:34:00,Apple Inc. stock underperforms Tuesday when compared to competitors,MarketWatch,Looking for stock market analysis and research with proves results? Zacks.com offers in-depth financial research with over 30years of proven results.,https://finnhub.io/api/news?id=db159c226ecda259bfa2747f6ebbd263097d62cfa92f29e26ae76c1d72006c61
2023-08-01 03:33:00,"S&P 500, Nasdaq start August lower while Apple, Amazon earnings and jobs data loom this week",MarketWatch,Looking for stock market analysis and research with proves results? Zacks.com offers in-depth financial research with over 30years of proven results.,https://finnhub.io/api/news?id=d10ec9e125afdef17ae577a2fc03e6cfe2567d9a52c4f20453103550f9cf47e2
2023-08-01 03:32:00,"Get The 16-inch 2021 MacBook Pro With M1 Pro Chip At A $1,250 Discount",Benzinga,Looking for stock market analysis and research with proves results? Zacks.com offers in-depth financial research with over 30years of proven results.,https://finnhub.io/api/news?id=694e87a5914c917b977a2cd6f6335f4335eac71a5bfe00a320087a693f390b1d
2023-08-01 03:26:00,Apple (AAPL) Gets a Hold from UBS,TipRanks,Looking for stock market analysis and research with proves results? Zacks.com offers in-depth financial research with over 30years of proven results.,https://finnhub.io/api/news?id=da9891e68898ec3a50657ac1edd60a004c0be9abcd87cad33d3226796856d09f
2023-08-01 03:22:48,Apple Supplier Foxconn Plans $500 Million Component Plants in India,Yahoo,"(Bloomberg) -- Apple Inc.’s main supplier, Foxconn Technology Group, plans to increase its investments to more than $1.2 billion in southern India’s Karnataka state and add two component factories there, expanding a steady diversification from China to mitigate the risks of US economic and technology sanctions.Most Read from BloombergCharles Koch-Tied Group Seeks to Block Trump From GOP NominationUS, Europe Growing Alarmed by China’s Rush Into Legacy ChipsAsia’s Richest Families Fuel Race for Lu",https://finnhub.io/api/news?id=8b2bdf6d5949ce8846708230e9c6555f86d5321a1331a35188122723f80a9858
2023-08-01 03:14:00,Apple price target raised to $235 from $190 at JPMorgan,Thefly.com,Looking for stock market analysis and research with proves results? Zacks.com offers in-depth financial research with over 30years of proven results.,https://finnhub.io/api/news?id=b64846317a7673bedcc43be0d9726fcb8ccb611e1c0f1fd74454ae6eb6f0f5da
2023-08-01 03:00:00,Apple Removes AI Apps From Store In China As New Regulations Loom,TalkMarkets,Looking for stock market analysis and research with proves results? Zacks.com offers in-depth financial research with over 30years of proven results.,https://finnhub.io/api/news?id=709f0f109105256385e5edda37a908b704325c53a8b38601992729ea125fc324
2023-08-01 01:59:00,84% Profit On Uber — Uber Is An Artificial Intelligence Play,Benzinga,Looking for stock market analysis and research with proves results? Zacks.com offers in-depth financial research with over 30years of proven results.,https://finnhub.io/api/news?id=9292c2a44a2a450c238ce104db0061d39086f82d5981b2f98ec181c11342c889
2023-08-01 01:34:00,How To Enable Crash Detection On iPhone And Apple Watch,Benzinga,Looking for stock market analysis and research with proves results? Zacks.com offers in-depth financial research with over 30years of proven results.,https://finnhub.io/api/news?id=cc1970cd4d082f48b2a6cd6e5e5bd081c3c05d23534715e73e7369c2f4a9f30e
2023-08-01 01:23:12,"Foxconn EV venture targets India, Thailand for new small car",Finnhub,"Foxconn's venture
attempting to build a standardised electric vehicle platform is
targeting India or Thailand for the production of a small
battery-powered car under development, the unit's...",https://finnhub.io/api/news?id=b50cd573b5c835794ee4f556d7fe2043bb90805f645b52f3b37e7e5b2826848a
2023-08-01 01:20:00,"U.S. stocks start August lower while Apple, Amazon earnings and jobs data loom this week",MarketWatch,Looking for stock market analysis and research with proves results? Zacks.com offers in-depth financial research with over 30years of proven results.,https://finnhub.io/api/news?id=9e32de6aa655b8a42a62df7f672f54c5277e9b955591d1d7bac09be70fff4f57
2023-08-01 01:11:00,Apple (NASDAQ:AAPL) Slips after Pulling AI Apps from Chinese App Store,TipRanks,Looking for stock market analysis and research with proves results? Zacks.com offers in-depth financial research with over 30years of proven results.,https://finnhub.io/api/news?id=21099f70e287cc4a50147036e4bb10eb1d174aa731943a44a1a29263ba61de10
2023-07-31 21:07:35,"Dow Jones Futures: Microsoft, Tesla At Key Support Levels; 5 Big Earnings Movers",Yahoo,Dow Jones futures: Microsoft and Tesla stock could soon offer new buy points. Big earnings movers late include Arista Networks.,https://finnhub.io/api/news?id=f6cb970bc95c54ead7c7673503d314dc0d4bb83fb5869da264be4f1153c7256e
2023-07-31 21:01:39,The 2023 stock market rally got a lot healthier in June and July,Yahoo,"After narrow leadership earlier in the year, broader participation in this year's stock market rally helped turn aside one of the most popular bear cases that nagged markets into the summer months.",https://finnhub.io/api/news?id=7a1d30008e1c54c4c108cac7732e262f5172afafb935835e066098b8f42bd09a
2023-07-31 21:01:27,"Apple, Amazon: 'The setup is perfect for Big Tech earnings,' analyst says",Yahoo,"Big Tech companies Apple and Amazon are due to report earnings this week. Santosh Rao, Manhattan Venture Partners Head of Research, explains the positive backdrop for the tech giants after positive earnings showings from competitors. China persists to be ""a lingering threat"" for Apple as ""political winds are blowing hard,"" but Rao anticipates the iPhone maker's geopolitical relationships to be smoothed before seeing any major disruptions. On the other hand, Rao believes Amazon's AWS ""growth engine is sputtering"" but does not anticipate slowdowns to show up in this quarter's earnings.",https://finnhub.io/api/news?id=d860db1e0c6a4b0243116a04b429f50022c6b96f50c5b73edc9c58bf5c8e9fd9
2023-07-31 21:00:00,Dogs Of The Dow For The Dog Days Of Summer,SeekingAlpha,"With the Dow coming off of a historic winning streak last week, below we check in on performance of the index versus the Dogs of the Dow.",https://finnhub.io/api/news?id=4fd9812dcb51a813a6d497b1aa7272bdfd7d6b9860cce10ae8b5314b2e3ce58c
2023-07-31 20:52:44,"S&P 500, Nasdaq rise for fifth month in a row",Yahoo,"Both the S&P 500 and the Nasdaq Composite closed higher on Monday. The indices also closed higher for the month of July, making it five-straight months of gains for both. Yahoo Finance Markets Reporter Jared Blikre breaks down what drove the market action.",https://finnhub.io/api/news?id=9a3339d4c6f291178d9c4cfb7f84590a260e65d78c95a3a1676779e6b5bbe4e0
2023-07-31 20:45:15,AAPL Stock Today: How To Trade The Upcoming Earnings With Options,Yahoo,"In total, the combination of the two trades in AAPL stock generates $195 in premium per set of contracts.",https://finnhub.io/api/news?id=c286e9156c9a6225de89043d3a16e5a40576add92366f308d3966aacfbbdcd3d
2023-07-31 20:25:38,All eyes on Apple: Smartphone shipments drop 24% year-over-year in Q2,CNBC,"Hosted by Brian Sullivan, “Last Call” is a fast-paced, entertaining business show that explores the intersection of money, culture and policy. Tune in Monday through Friday at 7 p.m. ET on CNBC. Alex Kantrowitz, Big Technology founder, and Gene Munster, Deepwater Asset Management, join the show to discuss Apple ahead of earnings.",https://finnhub.io/api/news?id=e12e055e6beb30bb86e4e85e6325afa5c8df51edca3415b3aaea08a9fc54223e
2023-07-31 20:24:28,"Apple, Meta Hot Streaks Fuel Nasdaq 100’s July Rally",Yahoo,"(Bloomberg) -- Major technology and internet stocks have rallied throughout this year, with July the latest in a lengthy streak of monthly gains. Most Read from BloombergAsia’s Richest Families Fuel Race for Lucrative Finance JobsUS, Europe Are Growing Alarmed by China’s Rush Into Legacy ChipsLots of US Homeowners Want to Move. They Just Have Nowhere to GoA 5% US Mortgage Rate Is Seen as Tipping Point to Unlock SupplyWhy China’s Miracle Growth Story May Be Coming to an EndThe Nasdaq 100 Index ro",https://finnhub.io/api/news?id=460a32c871f04bc40e42240a61cdd8187c90795359bd8becb6ebd2e00c9a05b1
2023-07-31 19:28:39,Meta's stock just wrapped up its ninth straight monthly gain as Wall Street cheers cost cuts ,CNBC,"Meta shares are skyrocketing, underscoring investor optimism regarding profitability and a recovery in the company's online ad business.",https://finnhub.io/api/news?id=a1d64319726c297ea8c77a0b9bbc913065bb68c81fa5f8b4c13e366cf6a89605
2023-07-31 19:15:40,Chinese are forking out more money for smartphones despite wider slowdown — that's good news for Apple,CNBC,The average selling price of smartphones in China is on the rise even as the overall market declines. This is positive for sales of Apple's expensive iPhones.,https://finnhub.io/api/news?id=3b213faad290b5144772acd697564c7e495b55f926a75d249ac50bf3e7a2e0da
2023-07-31 17:47:12,3 Things That Make No Sense About This Market,SeekingAlpha,The U.S. central bank has now raised its Fed Funds rate by 525 bps since March 2022. Read more to see 3 reasons the next major market move is likely to be down.,https://finnhub.io/api/news?id=1cd7c73f53ab167d8681bd32f773572a9eac6b3735940e483d773da1027ff6cc
2023-07-31 17:30:00,The Candidates For ESPN's Next Partner Include Some of the Largest Tech Giants,Yahoo,"ESPN's strategic partner is likely going to be one of the world's largest tech companies.  According to a report by The New York Post, major tech companies like Apple, Amazon, Google, Microsoft, Verizon, and T-Mobile are some of the candidates to become the strategic partner of ESPN.  This comes just a few weeks after The Walt Disney Co.  CEO Bob Iger told CNBC earlier in the month that the company was looking for partners for the sports network.",https://finnhub.io/api/news?id=feb962cb5760f0f9cc42a0971d58fd8e87b08ac5a521051b0a5213040a1d7dcd
2023-07-31 17:18:49,AI 'driving' valuation growth for Big Tech stocks: Analyst,Yahoo,"Tech companies like AMD, Qualcomm, and NVIDIA are set to report earnings in August. Constellation Research Principal Analyst and Founder R ""Ray"" Wang joins Yahoo Finance Live to talk about what he calls ""MATANA"" stocks, also known as Microsoft, Apple, Tesla, Alphabet, NVIDIA, and Amazon. Wang explains how ""AI is driving the valuation growth"" and how ""there was pre-Chat GPT and then post-Chat GPT,"" for these tech stocks.",https://finnhub.io/api/news?id=c93f50d54e7bfce406f9517c06c1f541919d9d9fdf5232530f5d210b6ddd23b6
2023-07-31 17:06:12,Piper Sandler Maintains Apple (AAPL) Overweight Recommendation,Fintel,,https://finnhub.io/api/news?id=3ea1741e8c7af9c262675444051019552000ad240aefd693ac144e433fff98f3
2023-07-31 16:37:48,APLY: Generating Yield From Apple Options,SeekingAlpha,YieldMax AAPL Option Income Strategy ETF generates outsized dividends by simulating writing covered calls on highly volatile Apple stock. Click here for more on APLY ETF.,https://finnhub.io/api/news?id=0e6bf4927df5b3642e00cd801a8f7af9d7031529552851049c8aa51657f10ea5
2023-07-31 16:35:01,Read This Before You Pick Your Favorite Artificial Intelligence Stocks,Yahoo,"Investors have piled into some of the biggest tech stocks in the market, wagering that they will benefit from the artificial intelligence boom.  + That's compared with 20 times the projecting earnings for the broader index, according to Goldman Sachs.  ""The [dot-com] experience of the late 1990s is worth remembering because some telecom companies that spent mightily to install miles of dark fiber never generated a return sufficient to cover their cost of capital,"" Goldman analysts wrote in a note to clients today.",https://finnhub.io/api/news?id=f47d722beacf37d87bb96b1c26b9410b504a7257637b0fca1a2fcde04eaf7076
2023-07-31 16:15:58,Are We In A Stock Market Bubble? No!,SeekingAlpha,P/E ratios alone don't accurately measure stock market valuation as they fail to capture future expectations and cash-based intrinsic value. Click here to read more.,https://finnhub.io/api/news?id=ec187a3ade3a90b0ad9a1d2ca02e8b7707cedf1e382eb0c3aab7ec51f0e18b63
2023-07-31 16:06:49,"iPhone 15: Changes will help latest phone move towards ‘Apple’s dream’, report claims",Yahoo,"The upcoming iPhone 15 will include a host of changes aimed at letting Apple achieve its long-awaited dream handset, according to a new report.  The updated handset will bring a host of new changes, including titanium frames that will make the device stronger and lighter, as well as new display technology that will let Apple shrink down the bezels around the display.  Apple has long been working to turn the iPhone into one slab of glass, without bezels or sides, so that the technology can disappear.",https://finnhub.io/api/news?id=87f2f9d410c412d0edd3196ca935a6dbc520475fc83029f496f5807c21c443b3
2023-07-31 15:45:00,These 2 Stocks Will Move the Market This Week,Yahoo,"The stock market has been performing well in recent months, and it now appears as if new all-time highs for some popular market benchmarks could be within reach.  Despite persistent worries about the economy, market participants have started to appreciate that inflation rates are lower than in the past and that consumers are holding up better than many had expected.  In the long run, the stock market's performance depends on companies having strong businesses, and plenty of companies will release their financial results to tell shareholders how they're doing on that front this week.",https://finnhub.io/api/news?id=a0f9df36b6ab9c95f0ef0ad6648c3673e010c380c472012a975f3e953aab2548
2023-07-31 15:02:00,Why Wall Street Has a Lot Riding on Apple Earnings,Yahoo,"The Street will be focused on CEO Tim Cook's outlook given Apple's unique perch and perspective on global consumer demand, says Wedbush analyst Dan Ives.",https://finnhub.io/api/news?id=d1a44179b120feb32d20636f62ba3bc6d95a852412f24bdb51b7752c3dabc2d1
2023-07-31 14:44:56,Apple Supplier Foxconn Expands in India with $195M Investment,Yahoo,"A Hon Hai Precision Industry Co Ltd (OTC: HNHPF) Foxconn unit will ink a deal on Monday with India's Tamil Nadu state to build a new facility for electronic components likely to create 6,000 new jobs. The Apple Inc (NASDAQ: AAPL) supplier subsidiary, Foxconn Industrial Internet (FII), looks to invest ₹16 billion ($194.45 million) to build a campus in Kancheepuram district, near the state's capital of Chennai, Reuters cites familiar sources. Also Read: Foxconn Withdraws from $19.5B Semiconductor",https://finnhub.io/api/news?id=775c96ef896ecf5fb2fbef61155402524f6bc40c57a09f6713af5dfc89091bdd
2023-07-31 14:43:42,August MDA Breakout Stocks Week 31 - 2023: High-Frequency Gainers To Give You An Edge,SeekingAlpha,Breakout Stocks for Week 31 curated by the MDA model for 10% short-term upside and additional model selections. Read more to see the full update.,https://finnhub.io/api/news?id=66f3a48750e2e6449219f226bfc83eb64683866b86814d77e8a63be2196953a4
2023-07-31 14:22:00,Apple Is Grappling With a Weak Smartphone Market. These Analysts Say to Buy the Stock Anyway.,Yahoo,Wedbush's Daniel Ives suggests looking past iPhone sales and backing Apple stock on a likely acceleration in services revenue in 2024.,https://finnhub.io/api/news?id=0ffff441f5e6aa39584c0a4762ff7da22a9c85746dac14d70bd16e6cc66adf55
2023-07-31 13:59:37,Dow Jones Falls In Final Day Of July; 6 Best Stocks To Buy And Watch,Yahoo,"The Dow Jones Industrial Average dropped Monday, with the stock market set to end July with gains. Best stocks to buy and watch include Dow Jones giant Boeing.",https://finnhub.io/api/news?id=91a16ea711e0fc423b096d8618d3edbb0fe5997c7d89aba36aea97d5cf28ea8b
2023-07-31 13:50:10,Do Big Tech trades still have legs this earnings season?,Yahoo,"As Amazon and Apple are due to report earnings later this week, investors remain bullish on tech stock trades. Edward Jones Senior Investment Strategist Mona Mahajan breaks down the biggest takeaways from tech earnings this quarter, calling the ""secular bull market in generative AI"" as a speculative ""cherry on top"" to tech valuations. Mahajan goes on to evaluate core themes in the tech sector, outlining the importance of small-cap stock exposures while tech leadership may continue to broaden out.",https://finnhub.io/api/news?id=ab14c5d7c29dce4dd928a43638891afd49bb02717da9cc0ba14451e6a31e3b9c
2023-07-31 13:35:09,Apple: Berkshire Might Hold It Forever; You Might Do So Too,SeekingAlpha,"Apple represents more than 40% of Berkshire's stock portfolio, and it's possible that it never sell its shares. Learn why I rate AAPL stock a hold.",https://finnhub.io/api/news?id=87a9a3992c1390c72bc79ab38f724cb0bf736b2fcc9cce35af0ce3bfb83130f9
2023-07-31 13:17:50,Apple's Q3 Earnings Preview: YoY Decline Is Expected,SeekingAlpha,"Apple is expected to report a slight decline in EPS and revenue for Q3, leading to concerns about overvaluation. Learn why I rate AAPL stock a hold.",https://finnhub.io/api/news?id=46195d96a8d6d3442c7be52483e290b3a7041d236f7c3d0df0067625006e0af0
2023-07-31 13:10:00,It’s Halftime for Big Tech Earnings. Here’s Apple and Amazon Are Up Next.,Yahoo,"AI hopes fueled a furious first-half rally for tech stocks. Now, it looks like advertising and the cloud could continue the gains.",https://finnhub.io/api/news?id=675d108f4ea40ce916b60442eb9f80472d703a6d59e408eb06cd532bf9c96af4
2023-07-31 12:57:00,"Apple supplier Foxconn plans two component plants in India, Bloomberg says",Thefly.com,Looking for stock market analysis and research with proves results? Zacks.com offers in-depth financial research with over 30years of proven results.,https://finnhub.io/api/news?id=da6daa9f9ce2b4e4fbc2b66494b8123cb38a3c5137236bb7650c57e0bbf5f983
2023-07-31 12:56:01,Nvidia: Market Share Decline In AI Seems Certain,SeekingAlpha,Nvidia stock is priced for perfection as it is likely to see market share and margin decline in AI chips due to higher competition. Find out my analysis of NVDA.,https://finnhub.io/api/news?id=1543bfccd8f9001b3c2280de5a6c59df8874edf1786e0ea2533bd7f08010003d
2023-07-31 12:45:00,1 Warren Buffett Stock to Buy Hand Over Fist Right Now,Yahoo,"If you're looking for a stock that can deliver consistent growth and dividends, you might want to consider Apple (NASDAQ: AAPL).  The tech giant is the largest holding of Warren Buffett's Berkshire Hathaway, (NYSE: BRK.A) (NYSE: BRK.B) accounting for a whopping 47% of its stock holdings at last count.  Here are some of the factors that make Apple stock a compelling buy and hold right now.",https://finnhub.io/api/news?id=2633e4bce1b83e71569db5c63e11859ffd6ba2147cadd371768f4dd9590f19c5
2023-07-31 12:41:00,"US Stocks Take A Breather, Nasdaq Notches Fifth Straight Month Of Gains: Investors Gear Up For Pivotal Week",Benzinga,Looking for stock market analysis and research with proves results? Zacks.com offers in-depth financial research with over 30years of proven results.,https://finnhub.io/api/news?id=2a4c8c37bd6dbfc9d74e72ff4167ab911c65fcf75e4290f2bd3e3f91cdedd809
2023-07-31 12:41:00,10 Information Technology Stocks Whale Activity In Today's Session,Benzinga,Looking for stock market analysis and research with proves results? Zacks.com offers in-depth financial research with over 30years of proven results.,https://finnhub.io/api/news?id=3b6fb478ee2deafa94e5a3ca0c179bb4a973ff58bc432339c42e83507a00eaea
2023-07-31 12:36:00,San Francisco’s push to turn office buildings into homes hinges on this simple idea,MarketWatch,Looking for stock market analysis and research with proves results? Zacks.com offers in-depth financial research with over 30years of proven results.,https://finnhub.io/api/news?id=f8d723f0ea1c56504338140d3cc4c88ef59ae8c3b8b27e138b7c2ceb2bb34c92
2023-07-31 12:30:00,55% of Warren Buffett's $382 Billion Portfolio Is Invested in These 2 Stocks,Yahoo,Two stocks account for over $211 billion of Berkshire Hathaway's $382 billion investment portfolio.,https://finnhub.io/api/news?id=8a4d756c7af51d8f5f4357c3a47f36b38b7d1b77c1d95d536d171f425950a477
2023-07-31 12:14:00,Apple's Stock Dance With The $200 Threshold - Anticipation Builds Amid Bullish Trends And Q3 Earnings Release,Benzinga,Looking for stock market analysis and research with proves results? Zacks.com offers in-depth financial research with over 30years of proven results.,https://finnhub.io/api/news?id=7562dd0ae1db49100750d34bfc43f2c50e2b7aa2ac0689b8dec1afdaef6664ab
2023-07-31 12:08:52,AMD: A Win On Price And Flexibility,SeekingAlpha,"There are strong signals that Advanced Micro Devices, Inc. will gain share in the AI space as cloud providers try it out. Read more about AMD stock here.",https://finnhub.io/api/news?id=cecf75855df290f3f1378130efbfe3a10d00ccb51ee670a1cf5e9a210cf79aec
2023-07-30 23:05:55,"Dow Jones Futures Rise As Market Rally Powers Higher; Apple, Tesla Lead Stocks To Watch",Yahoo,"The market rally had some wobbles amid big news, but powered for solid weekly gains. Apple and Tesla are stocks to watch.",https://finnhub.io/api/news?id=55e060d99e2db97d990d442ee863f6d4f9b13b7a4e6741caa69c13a0d16b9f16
2023-07-31 11:18:00,"Nasdaq, S&P 500 On Track For 5th-Straight Monthly Win",TalkMarkets,Looking for stock market analysis and research with proves results? Zacks.com offers in-depth financial research with over 30years of proven results.,https://finnhub.io/api/news?id=b4bc3d49157dbfd88937e4ec1c95432fd457a438b240f7d65ccb2832affdb5c8
2023-07-31 11:17:16,The VR Race is Officially On: Kiplinger Economic Forecasts,Yahoo,"Tech giants like Apple and Meta are banking on VR headsets to be the next big thing. Virtual-reality technology has come a long way from 1980s arcade games, and tech companies, such as Apple, Meta and HTC, are heavily investing in the future of VR. To help you understand what is going on and what we expect to happen in the future, our highly-experienced Kiplinger Letter team will keep you abreast of the latest developments and forecasts (Get a free issue of The Kiplinger Letter or subscribe). Yo",https://finnhub.io/api/news?id=939be9fe8b2a60752e9518aef0fff2ec9ed05b72aad8b9540a50ace60fe62ab8
2023-07-31 11:16:00,"Earnings Extravaganza: Another One-Third Of S&P 500 Companies Report This Week, Including Amazon, Apple",Benzinga,Looking for stock market analysis and research with proves results? Zacks.com offers in-depth financial research with over 30years of proven results.,https://finnhub.io/api/news?id=125ccb8861083b61fb233eba9301b52e8766820dfe8a53091ad1118087eb9922
2023-07-31 11:05:00,Monday's Market Minute: Big Tech Highlights This Week,Benzinga,Looking for stock market analysis and research with proves results? Zacks.com offers in-depth financial research with over 30years of proven results.,https://finnhub.io/api/news?id=3a1987932f70dede551006bad53e119af0097814206281f7b575f53969582a2e
2023-07-31 10:53:00,Is ChatGPT 5 Coming Soon? Here's What You Need To Know,Benzinga,Looking for stock market analysis and research with proves results? Zacks.com offers in-depth financial research with over 30years of proven results.,https://finnhub.io/api/news?id=8fc1f9895187ac07454e55ee5b1cd3e777f93ceb22215cc14601275277614bd9
2023-07-31 10:37:00,Apple Grapples With Weak Smartphone Market. This Analyst Says Buy the Stock Anyway.,Yahoo,Wedbush's Daniel Ives suggests looking past iPhone sales and backing Apple stock on a likely acceleration in services revenue in 2024.,https://finnhub.io/api/news?id=94aba375471219b84bc8d8543c5ecf6671bfddf5220a2b38b021aa26b362dd3c
2023-07-31 10:27:00,Market and Fed Finally Agree on the Economy. What If They’re Both Wrong?,Yahoo,"Apple and Amazon reports to show latest consumer spending trends, freight hauler Yellow to seek bankruptcy, and other news to start your day.",https://finnhub.io/api/news?id=819bf8fce6d241d98796b81ff0b29e14382b3559fd3375691fab25cff4557bf7
2023-07-31 10:24:00,"AI Frenzy Result – Perma Bulls Revered And Perma Bears Reviled, Apple And Amazon Earnings Ahead",Benzinga,Looking for stock market analysis and research with proves results? Zacks.com offers in-depth financial research with over 30years of proven results.,https://finnhub.io/api/news?id=bc53125f8dbf2dc1fd85585980405f68b5a50962c74f99290e726413c6b8f130
2023-07-31 10:10:00,The ‘narrow breadth’ chorus has fallen silent. What broadening participation in stock-market rally means for investors.,MarketWatch,Looking for stock market analysis and research with proves results? Zacks.com offers in-depth financial research with over 30years of proven results.,https://finnhub.io/api/news?id=d1ce751025c77a3c0f903392fec8235174549589337e8673097bee8e4360f0c1
2023-07-31 10:05:00,"Apple, Amazon, Starbucks, Uber and others are part of Zacks Earnings Preview",Yahoo,"Apple, Amazon, Starbucks, Uber and others are part of Zacks Earnings Preview article.",https://finnhub.io/api/news?id=d475b0c0a50a9c2d2b122a88a145b7153acbfbc7d9e2ae46523ce3b803e9dada
2023-07-31 09:24:00,"Market Clubhouse Morning Memo - July 31st, 2023 (Trade Strategy For SPY, QQQ, AAPL, MSFT, And NVDA)",Benzinga,Looking for stock market analysis and research with proves results? Zacks.com offers in-depth financial research with over 30years of proven results.,https://finnhub.io/api/news?id=b31ab0656456de28f16d436ee234100efebd60f81acba414c69744ad0bd31403
2023-07-31 09:18:00,"Trucking Firm Yellow Ceases Operations, Walmart Buys Out Tiger Global's Stake, Former Disney Executives Join As Advisers To CEO Bob Iger: Today's Top Stories",Benzinga,Looking for stock market analysis and research with proves results? Zacks.com offers in-depth financial research with over 30years of proven results.,https://finnhub.io/api/news?id=2e3745b22340e61b4b2bdf4d96d21943255fbbefee0208e10ae0fa633344d377
2023-07-31 09:00:28,Qualcomm Fiscal Q3 Earnings Preview: The Potential To Outperform Is There,SeekingAlpha,Qualcomm Incorporated's cyclical headwinds will likely continue to impact performance in fiscal Q3 and the rest of the year. Click for my QCOM earnings preview.,https://finnhub.io/api/news?id=c4c128a75b3fe5c307958e2e0ce2c0b2b3dc18a82aa928b6ec7dc7cf7743891d
2023-07-31 08:56:00,Earnings And Non Farm Payroll Week Has Arrived! Prepare For The Busy Upcoming Week With MandoTrading !,Benzinga,Looking for stock market analysis and research with proves results? Zacks.com offers in-depth financial research with over 30years of proven results.,https://finnhub.io/api/news?id=0f8a57fe82e55a1d8c894f41803884a046de7dbc3924f9887d5a60671080fc4b
2023-07-31 07:55:00,Notable open interest changes for July 31st,Thefly.com,Looking for stock market analysis and research with proves results? Zacks.com offers in-depth financial research with over 30years of proven results.,https://finnhub.io/api/news?id=b61c442b534e0a8713562cfff9d32c7da68c88c53659b0ebea47a020478d115f
2023-07-31 07:51:00,"Qualcomm Q3 results likely to show continued smartphone weakness, Bernstein says",Seeking Alpha,Looking for stock market analysis and research with proves results? Zacks.com offers in-depth financial research with over 30years of proven results.,https://finnhub.io/api/news?id=7c683953145402e9c6bef28ec129c7165535d0ab74e0d83df9395ba0ac6d3a8d
2023-07-31 07:48:31,APLY: Now's Not The Time For Covered Calls On Apple,SeekingAlpha,APLY offers investors a way to generate income from AAPL without having to trade options directly. Click here to read more about the fund.,https://finnhub.io/api/news?id=684a34c2e9b4a08e1ee593101e3cd85845f014d163b63ec28710eb4a5330e96f
2023-07-31 07:40:02,"Apple, Amazon, Starbucks to Report in Packed Earnings Week",Yahoo,"Apple, Amazon.com and Starbucks will report earnings this week, offering insights into where consumers are spending their money as inflation eases and interest rates rise. Uber Technologies is also set to report, along with pharmaceutical companies Pfizer and Amgen, online payment giants PayPal and Block, and food conglomerates Kraft Heinz and Kellogg.",https://finnhub.io/api/news?id=2d77717e53eb250dbeedb0cd6b163aaff2dc19e8325f474b8579c802db41aa44
2023-07-31 07:37:00,'iPhone Saved My Life': Apple's Crash Detection Saves Oregon Driver In A Car Accident,Benzinga,Looking for stock market analysis and research with proves results? Zacks.com offers in-depth financial research with over 30years of proven results.,https://finnhub.io/api/news?id=1bd494fdc67a0167da1f4d9404e087ef5493da59d7d25d218c54ff0f70e53dce
2023-07-31 07:32:00,'iPhone Saved My Life': iPhone's Crash Detection Saves Oregon Driver Involved In A Car Accident,Benzinga,Looking for stock market analysis and research with proves results? Zacks.com offers in-depth financial research with over 30years of proven results.,https://finnhub.io/api/news?id=293f7d8973a6e43b3904880331bba3e3607ba9efe211452482054987ee4ee17f
2023-07-31 07:30:00,VGT Has Become A Mediocre Tech Sector ETF; IYW Is Consistently Better,SeekingAlpha,IYW has outperformed VGT by a full 7%. Click here for a detailed analysis.,https://finnhub.io/api/news?id=e98c4224551e8f1c492edd78b7a938196ffb293717541e0b888411f594cca77f
2023-07-31 07:27:00,'iPhone Saved My Life': iPhone's Crash Detection Saves Oregon Driver Involved In A Car Crash,Benzinga,Looking for stock market analysis and research with proves results? Zacks.com offers in-depth financial research with over 30years of proven results.,https://finnhub.io/api/news?id=fa0fbd15c6f28ee888a2251b0a2d070f90e1ae2d08a839aee068a2a85612ed58
2023-07-31 07:24:44,"As Disney Leads the Week in Unusual Options Flow, NVDA, AAPL, XPEV Follow",Fintel,,https://finnhub.io/api/news?id=09694069a0723993f79d76a970bafbeebdb84996bddf6cec389ab0e42902a91c
2023-07-31 07:10:00,Apple To Rally Over 12%? Here Are 10 Other Analyst Forecasts For Monday,Benzinga,Looking for stock market analysis and research with proves results? Zacks.com offers in-depth financial research with over 30years of proven results.,https://finnhub.io/api/news?id=86250714e83fef3105ee9743d60dadf88983ea1c47c01235e1c2d2d88e978608
2023-07-31 06:45:00,Apple (AAPL) Receives a Buy from Monness,TipRanks,Looking for stock market analysis and research with proves results? Zacks.com offers in-depth financial research with over 30years of proven results.,https://finnhub.io/api/news?id=9d907f63dfdebb283350032267cabc456d0139c156b3945681e51ca53fae35ed
2023-07-31 06:22:00,CEOs say their companies can’t afford a cold war between the U.S. and China,MarketWatch,Looking for stock market analysis and research with proves results? Zacks.com offers in-depth financial research with over 30years of proven results.,https://finnhub.io/api/news?id=d69a32abebf56d91f8c55a378d354f95b35ea02681e27bcb82b4b348c5988e18
2023-07-31 06:17:00,It’s still the summer of Hulu; here’s what else is worth streaming in August 2023,MarketWatch,Looking for stock market analysis and research with proves results? Zacks.com offers in-depth financial research with over 30years of proven results.,https://finnhub.io/api/news?id=d0c6ba27fd0accda217ddb460061ad8fe75da32d3d3999f18c4fe932fee6940e
2023-07-31 06:08:00,"For the stock market, bad news is back to being good. Here’s why, says a Goldman Sachs economist",MarketWatch,Looking for stock market analysis and research with proves results? Zacks.com offers in-depth financial research with over 30years of proven results.,https://finnhub.io/api/news?id=738f07b64f86951a0765771d6db4581db7381a9625750ae2878a6c7f76cf2c37
2023-07-31 06:03:00,US Stocks Brace For Sluggish Start To Fresh Week: Analyst Explains Why Current Bull Market Rally Is Sustainable,Benzinga,Looking for stock market analysis and research with proves results? Zacks.com offers in-depth financial research with over 30years of proven results.,https://finnhub.io/api/news?id=4b654276299e7d6266d1b99d25930c3791855ef97ff1df0f7e11c17e69fc33f4
2023-07-31 06:02:00,5 AI Stocks Poised for Growth Without Sky-High Risk,InvestorPlace,Looking for stock market analysis and research with proves results? Zacks.com offers in-depth financial research with over 30years of proven results.,https://finnhub.io/api/news?id=3def46bdefc1d51b998c675033bf0693363c284da8cc834934ed8bb5051ef0b3
2023-07-31 05:58:00,"Tim Cook Gets Stinging Letter From Congressman About NFTs, Blockchain: Are Apple's Policies Limiting Innovation, Tech Leadership?",Benzinga,Looking for stock market analysis and research with proves results? Zacks.com offers in-depth financial research with over 30years of proven results.,https://finnhub.io/api/news?id=f93bdd39da3867fad446c946a06d462f237f80f4b7dc313f9a3682713cf3e691
2023-07-31 05:47:51,GLOBAL MARKETS-Asia shares up as China talks stimulus; Japanese yields a risk,Yahoo,"Asian shares were trying to end the month on a firm note on Monday in a week littered with major economic releases, central bank meetings and earnings updates from mega caps Amazon and Apple, though rising Japanese bond yields posed a risk.  China surveys were mixed with factory activity just pipping forecasts but services disappointing, though both merely reinforced wagers that Beijing would have to act at some point.",https://finnhub.io/api/news?id=3e977628de66d5dc7a59b3ad1e7c8ef29b609eab8371e30f2b0b022cf5f6af7b
2023-07-31 05:40:00,Earnings season by the numbers: Seven things to know,Seeking Alpha,Looking for stock market analysis and research with proves results? Zacks.com offers in-depth financial research with over 30years of proven results.,https://finnhub.io/api/news?id=af19717ab129982a4ef8e4e74dead0e831f69f6e87ff91a52bbc0c70272af005
2023-07-31 05:26:54,"Amazon and Apple earnings ahead, U.S. jobs report looms -- what's moving markets",Yahoo,"Investing.com -- U.S. stocks point higher ahead of a week of major corporate results and key economic data. Amazon and Apple are set to round out a multi-week crush of earnings from Big Tech, while nonfarm payroll figures for July could provide clues into the impact of over a year of Federal Reserve policy tightening.",https://finnhub.io/api/news?id=92542a9ab9e0152c9606f8bf0b3a2a8b1e2decd9508720a63160c9b9ea702f03
2023-07-31 05:21:00,Analysts Offer Insights on Technology Companies: Qualcomm (QCOM) and Apple (AAPL),TipRanks,Looking for stock market analysis and research with proves results? Zacks.com offers in-depth financial research with over 30years of proven results.,https://finnhub.io/api/news?id=2964826c1db2852fa85399e543850c18f3229c35c5b3aac18ebe12628bcece7b
2023-07-31 05:09:00,Can Apple Satisfy Wall Street? Top Analyst Says 2 Factors Key To Meeting June-Quarter Expectations,Benzinga,Looking for stock market analysis and research with proves results? Zacks.com offers in-depth financial research with over 30years of proven results.,https://finnhub.io/api/news?id=694da446d165312d172e7d2b462a40ffbe653eab791a9adde6e245dfaa6662d6
2023-07-31 04:57:00,"It's Apple, Not Your Kids: Apple Confirms Bug In Screen Time Parental Controls",Benzinga,Looking for stock market analysis and research with proves results? Zacks.com offers in-depth financial research with over 30years of proven results.,https://finnhub.io/api/news?id=e292bf9394ccdf3e802e7e52f3c7b23ec4cfe463d03ba02eb2756e7f99e3856a
2023-07-31 04:43:00,Combination Of Higher Prices And Lower Earnings Pushes Up Multiples,TalkMarkets,Looking for stock market analysis and research with proves results? Zacks.com offers in-depth financial research with over 30years of proven results.,https://finnhub.io/api/news?id=6bbe04551f7ed8394e0c148cee343bea3080608f64699707be1ea2aadea53903
2023-07-31 04:35:00,Apple price target raised to $220 from $180 at Piper Sandler,Thefly.com,Looking for stock market analysis and research with proves results? Zacks.com offers in-depth financial research with over 30years of proven results.,https://finnhub.io/api/news?id=99e88699640009a16283c58bc783e1848613e053d25ac3dc69463a56ef7c0528
2023-07-31 04:26:00,"Apple Inc. stock rises Monday, outperforms market",MarketWatch,Looking for stock market analysis and research with proves results? Zacks.com offers in-depth financial research with over 30years of proven results.,https://finnhub.io/api/news?id=84de1d1bef333f777474080ae82ca2a059f0fa5f83c0c0b5ee1309379686619f
2023-07-31 04:07:00,Is MSFT The Canary In The Market? Just Say 'AI',TalkMarkets,Looking for stock market analysis and research with proves results? Zacks.com offers in-depth financial research with over 30years of proven results.,https://finnhub.io/api/news?id=c44421fc05f82212194107b2946570170dc227f63418cd705983b05ae2cef12e
2023-07-31 03:33:00,Apple Inc. stock outperforms competitors on strong trading day,MarketWatch,Looking for stock market analysis and research with proves results? Zacks.com offers in-depth financial research with over 30years of proven results.,https://finnhub.io/api/news?id=56842af65833fb09ef366143998110eadd63789dd67d2196cd08e141a54016c3
2023-07-31 03:28:00,What You Missed On Wall Street On Monday,Thefly.com,Looking for stock market analysis and research with proves results? Zacks.com offers in-depth financial research with over 30years of proven results.,https://finnhub.io/api/news?id=7ed64437f55499346061b42696e943584f6daed2dcd8e44b9f338d789238d7b0
2023-07-31 03:27:00,"New Buy Rating for Apple (AAPL), the Technology Giant",TipRanks,Looking for stock market analysis and research with proves results? Zacks.com offers in-depth financial research with over 30years of proven results.,https://finnhub.io/api/news?id=13fa8342ee2d756d4976cda5bdf5e6163902753dcb200e776b054f7234061057
2023-07-31 02:39:00,The October Surprise For Tens Of Millions Of Americans,TalkMarkets,Looking for stock market analysis and research with proves results? Zacks.com offers in-depth financial research with over 30years of proven results.,https://finnhub.io/api/news?id=c13b15dd6eb3365ca7fdb4217aef22990e6baead6b31350bff3c0393e0fcc4a6
2023-07-31 01:44:05,15 Biggest Green Tech Companies in the World,Yahoo,"In this article, we will talk about 15 biggest green tech companies in the world. We will also cover some interesting insights on the latest trends in green technology. If you want to skip our detailed analysis, head straight to 5 Biggest Green Tech Companies in the World. How Important Is Green Energy Investment? The […]",https://finnhub.io/api/news?id=1d51b0d052026e1e68359b41904a2521496a5b0b12995d481ae20e0cde8adda4
2023-07-31 00:42:15,GLOBAL MARKETS-Asia shares extend gains; wary eye on Japan yields,Yahoo,"Asian shares looked to end the month on a firm note on Monday in a week littered with major economic releases, central bank meetings and earnings updates from mega caps Amazon and Apple, though rising Japanese bond yields were a risk.  Asian markets have also been trending higher, with China's benchmark index enjoying a 4.5% jump last week on hopes for more stimulus from Beijing.",https://finnhub.io/api/news?id=9fab420af4aa72f7c1ca4091f484b69c5e6910a819113047c65e7e02b696aee2
2023-07-30 23:58:53,"Just Like Trees, Apple Doesn't Grow To The Sky, It And The Market Falls",SeekingAlpha,"Apple reports Fiscal Q3 results on Thursday. Read more to see why market participants will find a reason to sell AAPL stock, just like MSFT, NFLX, and TSLA.",https://finnhub.io/api/news?id=ac1fb981b1ab7811a3e9dfd033cf742267301665974def8e7f27e8b13cb4d39f
2023-07-30 22:17:03,Top Stocks To Buy Now? 3 Tech Stocks For Your List,StockMarket,Trending tech stocks to watch in the stock market this upcoming week.,https://finnhub.io/api/news?id=7612c69554b73633a4e9adba4b06442ced9a6087cda8e0d64ef6a0aeab1c1e47
2023-07-30 18:56:40,50 Most Populated Countries In 2050,Yahoo,"This insightful article will discuss the most populated countries by 2050 and their current population trends. If you want to skip how the expected population boom might strain the planet’s resources and what mitigation measures are in place for that, read 15 Most Populated Countries In 2050. The global population will reach 10 billion by 2050, and the […]",https://finnhub.io/api/news?id=3083de14f66463bc91b5b65e80100c7e34401c64fd8983f028111387a8a4a6e9
2023-07-30 17:15:09,Week Ahead: UK rates set to hit 15-year high,Yahoo,"Hello and welcome to the working week.There are few certainties in life, but there is little doubt that the Bank of England’s monetary policy committee will meet this Thursday and the expectation in the markets is that members will raise rates to a 15-year high.",https://finnhub.io/api/news?id=b0fb3f0c1f358fd578ede8d1dbee739ceb5046a73abeafa0a55400b9c53e1959
2023-07-30 17:05:55,"Dow Jones Futures Due As Market Rally Powers Higher; Apple, Tesla Lead Stocks To Watch",Yahoo,"The market rally had some wobbles amid big news, but powered for solid weekly gains. Apple and Tesla are stocks to watch.",https://finnhub.io/api/news?id=e8df81c2a6628b8effe31d9f5b66cbf385ea52d0c520b9dbee54d987ecfd606e
2023-07-30 14:43:57,"Apple, Amazon earnings, July jobs report: What to know this week",Yahoo,A critical jobs report and earnings from some of the nation's largest corporations await investors in the week ahead as the outlook for a soft landing in the Federal Reserve's fight against inflation is once again put to the test.,https://finnhub.io/api/news?id=adfeb1b8e89c0f7c9e2894758a1a21bf2cfc8e69ee514ccee2ed20f73b92c5af
2023-07-30 14:10:00,"If You'd Invested $1,000 in Apple in 2000, This Is How Much You'd Have Today",Yahoo,"Without a doubt, Apple (NASDAQ: AAPL) is one of the best businesses in the world.  Let's take a closer look at the key product and service introductions that helped drive Apple to its current market capitalization of over $3 trillion, making it the most valuable company on the planet.  Apple wasn't always the flourishing company that we are all familiar with.",https://finnhub.io/api/news?id=4d4e25d16cc9d1e402d1f3591b4b58a6061e82451f64a4b24d031af2722e8e7d
2023-07-30 12:00:00,"S&P 500 Rally, DIA Vs. QQQ, Perma-Realism And Tech Giants' Important Earnings",SeekingAlpha,"Matthew Tuttle and Rob Isbitts discuss SPY rally, DIA vs QQQ, why investors should trade based on what they see, not what they think and why tech giants' earnings are important.",https://finnhub.io/api/news?id=2a27042a425bf0a44569c773015b9104648ce51f2683c1f365a79230262cf28b
2023-07-30 11:37:00,"Apple's iPhone 15 To Have Biggest Upgrade In 3 Years, Says Gurman: Light Bezel, USB-C Port, Camera Upgrades And More",Benzinga,Looking for stock market analysis and research with proves results? Zacks.com offers in-depth financial research with over 30years of proven results.,https://finnhub.io/api/news?id=b5fda355f2f624138349c2ce0a936ba26fc76907fbdff971ad6d76b646c7f1ec
2023-07-30 11:20:00,I'm Buying More of This Stock Before It's Too Late,Yahoo,"While a new bull market isn't official, some analysts are talking like a bull market is already underway.  With this market sentiment so upbeat, now might be an excellent time to find some worthy growth stock candidates that stand to benefit from the broader market enthusiasm.  One attractive option right now is Apple (NASDAQ: AAPL).",https://finnhub.io/api/news?id=aac6126a1457265583fc64f0c18ec0ffbb6dd78474aa0cd1bdf16dde7d4711b9
2023-07-30 11:08:00,"What CoT Shows About The Future Thru Futures, What Hedge Funds Are Buying",TalkMarkets,Looking for stock market analysis and research with proves results? Zacks.com offers in-depth financial research with over 30years of proven results.,https://finnhub.io/api/news?id=85099d94012c91d86477d97b179a642372864f411899cd849de3160333babeae
2023-07-30 10:10:00,Amazon and Apple to headline Q2 earnings this week,MarketWatch,Looking for stock market analysis and research with proves results? Zacks.com offers in-depth financial research with over 30years of proven results.,https://finnhub.io/api/news?id=e425538d7bc3ebec14e6da59de533261232c0acd5fd98695fe5e1d37e8497b23
2023-07-30 10:06:00,AI May Be the Only Way to Make Money These Days,InvestorPlace,Looking for stock market analysis and research with proves results? Zacks.com offers in-depth financial research with over 30years of proven results.,https://finnhub.io/api/news?id=7cb22f52a291b93bc3991caf4200434d47bdb9d9e01eb2ea3d0fe5eb33a12adc
2023-07-30 09:21:00,"1 Supercharged Growth Stock That's a Shoo-in to Rejoin Apple, Microsoft, Alphabet, Amazon, and Nvidia in the $1 Trillion Club",Yahoo,"Multiple growth drivers, a rebounding ad market, and strong secular tailwinds should combine to drive this industry leader higher.",https://finnhub.io/api/news?id=2108aa950141a3799ebb73135810c21798f5d1f42c24f2f82f33ce01621808c3
2023-07-30 09:02:00,Amazon and Apple to bat cleanup for Q2 earnings this week,MarketWatch,Looking for stock market analysis and research with proves results? Zacks.com offers in-depth financial research with over 30years of proven results.,https://finnhub.io/api/news?id=d98cd796c5b3b27ead3dabba9b01e5b5aefa2b25a7cc7781d08afc74179a4046
2023-07-30 08:04:00,"MagSafe Discount, Netflix's Decision On Apple Vision Pro, Pricey iPhone 15 And More: Appleverse Highlights This Week",Benzinga,Looking for stock market analysis and research with proves results? Zacks.com offers in-depth financial research with over 30years of proven results.,https://finnhub.io/api/news?id=ca4f5a63b7f647bf785611f8a19223466285d91602ec403d05e1bead6ce618e1
2023-07-30 07:38:00,"Apple admits to bug in screen time parental controls, WSJ reports",Thefly.com,Looking for stock market analysis and research with proves results? Zacks.com offers in-depth financial research with over 30years of proven results.,https://finnhub.io/api/news?id=3c7c542f2755dd878c9f233af49e09e786a2d4ccef8aba4468a2883614014d39
2023-07-30 07:26:00,Will The UPS Union Deal Deliver?,TalkMarkets,Looking for stock market analysis and research with proves results? Zacks.com offers in-depth financial research with over 30years of proven results.,https://finnhub.io/api/news?id=f6f62fb719a5273d21a607b81075bca6198ec8cd5169a0864429a71c4a5340e3
2023-07-30 05:32:00,Baron Funds Q2 2023 Report - Letter From Linda,SeekingAlpha,U.S. equities continued more firmly on their path to recovery in Q2. S&P 500 Index returned 8.7% for three months ended 6/30/2023 and was up 16.9% in H1 of the year.,https://finnhub.io/api/news?id=80f2b7f13694de503f73fc2c10ac6b9bfc1c498ada2739592eee2a6cad758df9
2023-07-30 04:36:00,3 Companies To Watch Next Week As They Report Quarterly Earnings,TalkMarkets,Looking for stock market analysis and research with proves results? Zacks.com offers in-depth financial research with over 30years of proven results.,https://finnhub.io/api/news?id=d86f1332140c708cf9e471b493f7de2cc655577b87a901a423eba0161f03192b
2023-07-29 16:55:00,Apple Admits to Bug in Screen Time Parental Controls,Yahoo,"Apple  Screen Time controls are failing parents.  The company’s cloud-based Family Sharing system is designed in part for parents to remotely schedule off-limits time and restrict apps and adult content on their children’s iPhones, iPads and iPod Touch models.  Trouble is, parents are finding that when they use their iPhones to set restrictions on their kids’ devices, the changes don’t stick.",https://finnhub.io/api/news?id=be04468c0fa55126657de515564c90aac86d366bb3f19b4be33a08d84dbacbd9
2023-07-29 15:07:19,10 Stocks That Will Go Up 1000 Percent,Yahoo,"In this article, we will take a look at the 10 stocks that will go up 1000 percent. To see more such companies, go directly to 5 Stocks That Will Go Up 1000 Percent. There are only two ways to make money by investing in the stock market. The first is being extremely lucky and getting […]",https://finnhub.io/api/news?id=31afabb68c6c5e14ccfbd6ac4736acdedcb5c9cfe9d20492d7a9b9abe760fe86
2023-07-29 12:22:00,"2023 Percentage Returns Of 5 Largest Stocks - Saturday, July 29",TalkMarkets,Looking for stock market analysis and research with proves results? Zacks.com offers in-depth financial research with over 30years of proven results.,https://finnhub.io/api/news?id=59366cf4719bb0971caaee4ab77b5b40ae5fcf611ac8001e4bfa9a26980d0481
2023-07-29 11:00:00,Twitter Is Now 'X': How Other Rebrands Have Succeeded,Yahoo,"Some companies thrived after changing their name, but other's quickly made a U-turn when the response went sour. Questions remain if Twitter's renaming to X will succeed.",https://finnhub.io/api/news?id=246af81029df7e34c42eccd558c7e187a6bb54c971f7f918b3780c1be57cfa7c
2023-07-29 10:41:00,"Got $5,000? 1 Tech Stock to Buy and Hold for the Long Term",Yahoo,"The Nasdaq Composite Index has had a wonderful start to the year, rising 35%.  This bounce-back is exactly what investors need after last year's 33% decline.  For instance, Apple (NASDAQ: AAPL) is up 49% this year.",https://finnhub.io/api/news?id=59cc60b492ca04a29f613808ce438ec97842445cf39b6e70ade8440ce59aa66d
2023-07-29 10:39:00,"Benzinga Bulls And Bears: Tesla, Apple, AMC, Alibaba And Dogecoin's Global Payment Role On Musk's X Predicted",Benzinga,Looking for stock market analysis and research with proves results? Zacks.com offers in-depth financial research with over 30years of proven results.,https://finnhub.io/api/news?id=a589501894fe7d14091755b849d64216f275eb3c20bd35557bd401231cec4f4d
2023-07-29 09:34:00,This is the worst investment advice I know — and you may be taking it,MarketWatch,Looking for stock market analysis and research with proves results? Zacks.com offers in-depth financial research with over 30years of proven results.,https://finnhub.io/api/news?id=e559a61e5d4fa737c065a6b0e55cbdbe129d78e40953bd3e948848b3585ee57b
2023-07-29 09:00:00,Earn Double-Digit Income With Options (August 2023),SeekingAlpha,We explain why selling cash-covered puts and covered calls are relatively safe choices for earning a high income. Read more here.,https://finnhub.io/api/news?id=77ee016da189e97960bbd117e4086965aeb119ac3dc63cbc25ba50c6f9529f8d
2023-07-29 07:52:00,"Apple Stock: Earnings Beat Is in the Cards, Says Goldman Sachs",TipRanks,Looking for stock market analysis and research with proves results? Zacks.com offers in-depth financial research with over 30years of proven results.,https://finnhub.io/api/news?id=9239b34f0056d0db04b9d894618c3c15bf74d38c75a99754afb7884046cc6254
2023-07-29 06:02:00,"Wall Street Breakfast Catalyst Watch: Jobs Report, AAPL, MRK, SBUX Preview",Seeking Alpha,Looking for stock market analysis and research with proves results? Zacks.com offers in-depth financial research with over 30years of proven results.,https://finnhub.io/api/news?id=6ecc37721ecafce22290cc789bfdf553645015ec7ec4b7a04a7931ea7dc427d4
2023-07-28 23:54:57,10 Recession-Proof Stocks Billionaires Are Loading Up On,Yahoo,"In this article, we will take a look at the 10 recession-proof stocks billionaires are loading up on. To see more such companies, go directly to 5 Recession-Proof Stocks Billionaires Are Loading Up On. Latest data on inflation has upped the hopes of investors as market naysayers who had been warning of recession for several […]",https://finnhub.io/api/news?id=705cc48b05ab5616806e6fffb773b1e48e4135edef3fa48b8c9d0ed48e98ccbd
2023-07-28 22:33:19,"Unusual Call Option Trade in Apple (AAPL)  Worth $4,537.50K",Fintel,,https://finnhub.io/api/news?id=096fc491c4a1c2e076950b0adca23b2534b7f15fda5322e94ddaff31f5e5a204
2023-07-28 22:32:00,Offshore Wind Power’s True Costs,Yahoo,"Readers weigh in on wind power, venture capital’s funk and India’s promise, the problem with reshoring, the need for caution in today’s stock market, the relationship of stock prices and dividend yields, and the case for Arthur J. Gallagher",https://finnhub.io/api/news?id=4c5bf742a63a43c3ba40483aeaa20f223f3638566b321ea1f27e609bda431b2a
2023-07-28 22:25:02,"Stock Market Action Plan: Apple, Amazon And An Upturn In Optimism",Yahoo,The stock market heads into August riding an upturn in optimism. Apple and Amazon headline the coming week's earnings.,https://finnhub.io/api/news?id=b8cea37602e1b73056625de170ec8b7968c24e1c448e1d569247338b485eb211
2023-07-28 21:32:36,"Chip stocks, Amazon & Apple earnings, July jobs report: What to watch",Yahoo,"Yahoo Finance Live anchor Seana Smith looks ahead to the corporate earnings results due out next week, including chipmakers AMD and Qualcomm and tech giants Amazon and Apple, along with the July jobs report expected on Friday, August 4.",https://finnhub.io/api/news?id=828d3c2fc7f925891aab703d1a6b1966b5e3871d29b55d29ca38dd93bd01261a
2023-07-28 21:28:00,Green Shoots Emerging From the Earnings Landscape,Yahoo,"With a little over half of June-quarter results already out, we can confidently call the overall earnings picture reassuringly stable and resilient.",https://finnhub.io/api/news?id=ea929e4e0a1b1e1b3f1f95b7605062ce01eb41bc8d046a2ec3fa3250a08fa1d7
2023-07-28 21:09:55,"Dow Jones Futures: Market Rally Powers Higher; Apple, Tesla Lead 10 Stocks To Watch",Yahoo,"The market rally had some wobbles amid big news, but powered for solid weekly gains. Apple and Tesla are stocks to watch.",https://finnhub.io/api/news?id=3a97440d3ce4c7fe269cbbf855398633b502e678ba50392510fac9f846ca1c78
2023-07-28 20:55:00,S&P 500 Earnings: Forward S&P 500 EPS Estimates Have Firmed,SeekingAlpha,"Roughly half of the S&P 500 has reported their Q2 ’23 financial results, and the forward estimate has firmed up a little bit.",https://finnhub.io/api/news?id=cc130a4969ef16a371772640b06a149776b89507fee3fb7768e5571f957df12f
2023-07-28 20:15:25,Is Apple Headed For A Blue-Sky Run? The iStock Trades In These Bullish Patterns Following Fed Call On Rates,Yahoo,"Apple, Inc (NASDAQ: AAPL) was rising about 1.6% on Friday, continuing to trek mostly north within a rising channel pattern, which Benzinga called out on July 19. The Cupertino, California-based company’s pattern is bullish, at least for the short-term. Apple is also trading in an inside bar pattern, indicating a period of consolidation, which is usually followed by a continuation move in the direction of the current trend. An inside bar pattern has more validity on larger time frames (four-hour",https://finnhub.io/api/news?id=2b6c205ba646197a9b363f88aed479b23ef09b434c2ce78793dfa28045c86eb8
2023-07-28 19:59:00,Big Tech Giants Are Working to Change the Mapping Industry,Yahoo,"Amazon, Microsoft and Meta are working with TomTom to make mapping tech more accessible, despite the foothold Apple and Google have in the industry.",https://finnhub.io/api/news?id=d8463e176969da61d68478f3c51be9af30c57c8a71606369f42785f5213c84e7
2023-07-28 19:39:00,Big Tech Earnings Give Reason for Hope. Now It’s Up to Apple and Amazon.,Yahoo,"AI hopes fueled a furious first-half rally for tech stocks. Now, it looks like advertising and the cloud could continue the gains.",https://finnhub.io/api/news?id=cfe2520ffccca104201335970de40a8daafc3225103d379e1d0d598b27c25577
2023-07-28 16:51:54,Tesla: Margin Flexibility Shows A Key Advantage,SeekingAlpha,Tesla's margin flexibility gives it significant advantages in the coming battle against traditional automakers. Click here to see our view of this TSLA ace card.,https://finnhub.io/api/news?id=d0669a02ef6daf6a809931576e72321c4a9f6083cc3722f7602609cc51d0fc25
2023-07-28 16:41:00,"The Best Stocks to Invest $50,000 In Right Now",Yahoo,"With that positive prospect in mind, let's look at a few attractive stocks that appear to have excellent fundamentals as long-term holds.  Read on for some good reasons to buy Apple (NASDAQ: AAPL), Palo Alto Networks (NASDAQ: PANW), and Shopify (NYSE: SHOP) stocks right now.  Apple needs no introduction as a tech stock, given that its brand dominates high-end consumer tech niches from smartphones to tablets to wearables.",https://finnhub.io/api/news?id=8c55603864ad8691e2c78cb99c81810b99b1c77b5f6604f24aa4faf4529086d1
2023-07-28 15:57:27,Apple earnings preview: How bullish should investors be?,Yahoo,"Apple is set to report its Q2 earnings on Thursday, August 3, while iPhone shipments have been on the decline. Yahoo Finance's Julie Hyman, Brad Smith, Akiko Fujita, and Josh Schafer consider the tech landscape ahead of Apple's earnings report next week, breaking down AI tailwinds and Apple's recent decision to expand into India.",https://finnhub.io/api/news?id=721b0ff00a5fe2d89736ce79a71bd908fcd1ef3b6355c4b060cd8bacec71affc
2023-07-28 15:35:50,"Apple Stock Defies Weak Sales, Anemic Earnings To Surge 49% In 2023",Yahoo,Apple stock has been a top performer this year. But you likely wouldn't guess that from looking at the tech behemoth's fundamentals.,https://finnhub.io/api/news?id=12b58688dab53d8c92ec1e48cfa180d31902fdfeffc6b7c053b450fff40072d3
2023-07-28 14:57:50,Bruce Berkowitz’s Portfolio and Latest Trades,Yahoo,"In this article, we discuss Bruce Berkowitz’s portfolio and latest trades. If you want to skip the detailed description of Bruce Berkowitz’s portfolio, check out Top 5 Stocks in Bruce Berkowitz Portfolio. Nearly 28% of all billionaires in the world today are Americans. These individuals are drawn from different professions and industries, but a considerable […]",https://finnhub.io/api/news?id=590ebf74d14dcec7bd4070016f46352a06b36ce89bd38e3ee79dcf545d8d749a
2023-07-28 14:26:21,"Dow Jones Rises, Market Rallies Back As Inflation Cools; 5 Earnings Winners",Yahoo,"The Dow Jones and other major indexes rebounded, with key inflation data cooling. Roku and Intel were big earnings winners.",https://finnhub.io/api/news?id=7b2248cdb2f9a7c0d54a90424fbcf7c1d5402ca78a0496fc3e67b0fee50ecf3e
2023-07-28 14:41:00,Apple Just Took a Very Decisive Stand On This Creepy Metric Apps Use to Track You,Yahoo,Some of your apps could be using creative ways to find out more about you -- whether you know it or not.,https://finnhub.io/api/news?id=4a1f6bd8bfce07cb700ca44f97d92d02e0a38bc46a67f661c77b052a8839429d
2023-07-28 14:29:28,Top-Performing Mutual Funds for 10 Years,Yahoo,"In this article, we discuss top-performing mutual funds for 10 years. If you want to see more of top-performing mutual funds, check out 5 Top-Performing Mutual Funds for 10 years. It was an awful run for stocks in 2022 as inflationary pressures, deteriorating economic conditions, and interest rate hikes rattled investor sentiments. The S&P 500 was […]",https://finnhub.io/api/news?id=7a2f7912bfe8a4ea1543364f33efdedf54a24acc1868a28b93e23882d2d69d2d
2023-07-28 14:00:18,"Mark Zuckerberg Says AI Is First Priority, but Metaverse Still Long-Term Goal -- Is Meta Stock a Buy?",Yahoo,"Meta Platforms (NASDAQ: META) CEO Mark Zuckerberg's ""year of efficiency"" is paying off in style for patient shareholders.  Shares are still over 20% below all-time highs from 2021 but are narrowing the gap as Meta stock has rallied an incredible nearly 170% so far in 2023.  Like any good tech CEO does these days, Zuckerberg had a lot to say about AI during the last earnings call.",https://finnhub.io/api/news?id=f4377942ad441146c758a635134ca139d65987da07199918cde8f31e0b613697
2023-07-28 13:57:51,"Google, Microsoft, and Meta can't stop talking about A.I. — here's why Apple rarely mentions it",CNBC,Apple's AI works in the background. And the company doesn't yell about it the way some of the other companies do. It doesn't need to.,https://finnhub.io/api/news?id=cedf53d086bb2b1bff2bf7dc307f2ec93979786f857849474db78371e9766a0a
2023-07-28 05:00:00,The Disney Magic Will Return. It’s Time to Buy the Stock.,Yahoo,A renewed focus on lower costs and doing what it does best could help the media titan’s shares recover from a long slump.,https://finnhub.io/api/news?id=5b0352ea56a21d42d273def69a6b04d8fe5430e1ae666ca6f0b807ccbf6431a6
2023-07-28 12:40:00,What's Going On With Microsoft Stock Friday?,Benzinga,Looking for stock market analysis and research with proves results? Zacks.com offers in-depth financial research with over 30years of proven results.,https://finnhub.io/api/news?id=65b36b192d8f0808a3b172d37251b8b1317cf0b8a3ac6e39ee52f1ca8fcece8b
2023-07-28 12:38:00,‘Unilever has descended into a vortex of immorality’: Pressure mounts on consumer goods giant to exit Russia,MarketWatch,Looking for stock market analysis and research with proves results? Zacks.com offers in-depth financial research with over 30years of proven results.,https://finnhub.io/api/news?id=2f60638d3cb2aa30c626f8d2b0e7ea46a8d85b18a3aa957d09a43b145994c636
2023-07-28 12:33:00,2 Top Tech Stocks to Buy Right Now,Yahoo,"The tech-dominant Nasdaq-100 and broader Nasdaq Composite are up over 42% and 35% year to date (as of July 26), respectively.  Upstart (NASDAQ: UPST) is a fintech company that uses AI to assess borrowers and help financial institutions make lending decisions.  When interest rates were sub-1%, borrowing shot up, meaning Upstart processed more lending applications.",https://finnhub.io/api/news?id=85f653afbb6e119e6c437999210e77f05a94fe9c5f71ba785d7257118c04971a
2023-07-28 12:30:00,Giverny Capital Asset Management Q2 2023 Letter,SeekingAlpha,"For the second quarter of 2023, Giverny Capital Asset Managementâs model portfolio rose 7.92%, net of fees. Click here to read the full fund letter.",https://finnhub.io/api/news?id=6d517bc532fdc16edf96d521f86d3a6bdc157a3b7f1e490a213283bfa6eacd31
2023-07-28 12:17:00,Google’s (NASDAQ:GOOG) Smartphone Shipments Surge 48% YoY despite Sluggish Market,TipRanks,Looking for stock market analysis and research with proves results? Zacks.com offers in-depth financial research with over 30years of proven results.,https://finnhub.io/api/news?id=c27c2517b1703329fa8a621b2428a5ecd12a3ed24958319d915e0e2cfa7c02c0
2023-07-28 12:15:00,"Remember the Beanie Babies craze? It’s back, and people are paying thousands for some rare ones.",MarketWatch,Looking for stock market analysis and research with proves results? Zacks.com offers in-depth financial research with over 30years of proven results.,https://finnhub.io/api/news?id=a08e255a60238c0f7c058a06ccd687cdde1c968e9593032ee3b623453f0b18cb
2023-07-28 12:10:00,Google’s (NASDAQ:GOOG) Smartphones Shipments Surge 48% YoY despite Sluggish Market,TipRanks,Looking for stock market analysis and research with proves results? Zacks.com offers in-depth financial research with over 30years of proven results.,https://finnhub.io/api/news?id=7c18e6050006f6b1feab773ce5940994a94e2bc27c3ce780010a74496067eb82
2023-07-28 11:32:00,Polar Capital Holdings Plc Acquires Stake in Aeglea BioTherapeutics Inc,GuruFocus,Looking for stock market analysis and research with proves results? Zacks.com offers in-depth financial research with over 30years of proven results.,https://finnhub.io/api/news?id=e30f6ef2dd139001b7e07cd76856b651fb9f1a6817ebf5fd6dcb65a5e630c4ef
2023-07-28 11:06:00,Set-and-Forget Picks: The 3 Best Defensive Stocks for the Next Decade,InvestorPlace,Looking for stock market analysis and research with proves results? Zacks.com offers in-depth financial research with over 30years of proven results.,https://finnhub.io/api/news?id=d43b60b6a7434008592a0f6db43c025dc7e87cc2bf626a8bf1c4b9161e9aa48c
2023-07-28 10:55:00,A Bull Market Is Coming: Warren Buffett's Investing Advice Could Help You Make Money,Yahoo,Warren Buffett's investing advice could help patient investors turn a profit during the next bull market.,https://finnhub.io/api/news?id=7b73c94253f729c9c08b55dcf40d6db7299dcbfa3510f002d6cdb40236d5b213
2023-07-28 10:30:00,"Got $1,000? 2 Warren Buffett Stocks to Buy Hand Over Fist",Yahoo,"Warren Buffett is the GOAT (greatest of all-time) when it comes to investing, and it isn't even close.  Apple (NASDAQ: AAPL) is the most valuable company in the world, and it now makes up nearly half of Berkshire Hathaway's stock portfolio.  Buffett's conglomerate started buying Apple in 2016 and the iPhone maker has delivered huge returns.",https://finnhub.io/api/news?id=16fb53a6edd560df933e9fa66e254edb47960d7ae00f018956229ae167bd5749
2023-07-28 10:18:00,Incoming Stock Pullback Reveals An Attractive Buying Opportunity,InvestorPlace,Looking for stock market analysis and research with proves results? Zacks.com offers in-depth financial research with over 30years of proven results.,https://finnhub.io/api/news?id=7b549ca9198ef4632cb8161260a04d45e89ff055f7b902c4047e13eea8114ed7
2023-07-28 10:02:00,"Google smartphone shipments surge in US in Q2, overall market slumps",Seeking Alpha,Looking for stock market analysis and research with proves results? Zacks.com offers in-depth financial research with over 30years of proven results.,https://finnhub.io/api/news?id=d444c4f51302da912b5bf3a0352d91316263e80ffd5904113e3581cf598361b3
2023-07-28 10:00:00,"Aggressive Momo Buying On BOJ Action, Bearish Technical Pattern, Consumers Splurge",Benzinga,Looking for stock market analysis and research with proves results? Zacks.com offers in-depth financial research with over 30years of proven results.,https://finnhub.io/api/news?id=b9165a9cf614c72871b1a3462432d3c5940ddae4468c9032efb8a11bcf4f5331
2023-07-28 09:26:00,"iPhone US Shipments Take A Hit, Does Social Media Algorithm Impact Political Beliefs? Research Reveals Answer, Disney Joins Netflix To Crack Down Password Sharing In India: Today's Top Stories",Benzinga,Looking for stock market analysis and research with proves results? Zacks.com offers in-depth financial research with over 30years of proven results.,https://finnhub.io/api/news?id=0ee4f50d4dec1868e73b807a6c3ab2dc8b359a1cc9fe896ffa01cfb5bf5c2244
2023-07-28 09:25:00,Qualcomm and Meta Team Up on AI -- 1 of These Is an AI Sleeper Stock,Yahoo,Qualcomm just announced its latest breakthroughs in bringing AI out of the cloud and to a device near you.,https://finnhub.io/api/news?id=b99cc32d7629ac81f6cca4af1c35f6a2c3814bc972bc98990ffcadef17184175
2023-07-28 09:20:00,"Market Clubhouse Morning Memo - July 28th, 2023 (Trade Strategy For SPY, QQQ, AAPL, MSFT, TSLA, And NVDA)",Benzinga,Looking for stock market analysis and research with proves results? Zacks.com offers in-depth financial research with over 30years of proven results.,https://finnhub.io/api/news?id=34a418233ccf812919c8fb8a8acbf41a69fcf44f04511d54bfb49600c17eb87c
2023-07-28 09:14:00,"Earnings This Week: Apple, Amazon And AMD",TalkMarkets,Looking for stock market analysis and research with proves results? Zacks.com offers in-depth financial research with over 30years of proven results.,https://finnhub.io/api/news?id=25da31b9149aeaffdcd28a84fd94a9c33ec8f3dcd1672fa09b155922eb920df8
2023-07-28 09:06:00,69% of Warren Buffett's $378 Billion Portfolio Is Invested in Just 4 Stocks,Yahoo,A concentrated portfolio has been pivotal to the Oracle of Omaha's long-term success as an investor.,https://finnhub.io/api/news?id=0ad8d84d5f8387accc3afee44409670b4286a5b97ee72ed463d687777a32640b
2023-07-28 08:07:00,"Friday’s Top Analyst Upgrades and Downgrades: Apple, Boeing, Carvana, Coty, Meta, RTX, Southwest Airlines, SunPower and More",247WallSt,Looking for stock market analysis and research with proves results? Zacks.com offers in-depth financial research with over 30years of proven results.,https://finnhub.io/api/news?id=9f823be23714d991f2a83eac78ef1cbb46df3eeb29fe9003bc1e98176e39c605
